Table B.103 Balance Sheet of Nonfinancial Corporate Business from Z.1 Federal Accounts of the United States,,,,,,,,,,,,,,
,,Date conversions,,,Line 40/(Line 44/100) - net worth (Millions of dollars),Line 42 - corporate equities (Millions of dollars),,,MS index (Q) scaled by running geometric mean,,Expected Q,,,Federal funds rate
date,,Month,Day,Date,FL102090005.Q,LM103164103.Q,MS Index (Q),ln(Q),exp[ln(Q) - Avg(ln(Q))],MSI/GEOMEAN,,,Date,
1900,Q1,3,31,3/31/00,27384.516975879,20049.4787139739,0.732146516647856,-0.311774625695042,1.0654645168332,1.0654645168332,1,,1954-07-01,0.80
,Q2,6,30,6/30/00,27571.6576588778,18768.3618632407,0.680712131836494,-0.384615776097814,0.990614045355773,0.990614045355773,1,,1954-08-01,1.22
,Q3,9,30,9/30/00,27758.7983418766,18576.1943356308,0.66920023362852,-0.40167196075339,0.973861225007532,0.973861225007532,1,,1954-09-01,1.07
,Q4,12,31,12/31/00,27945.9390248755,22003.181911342,0.787348097043951,-0.239084819531129,1.14579724238443,1.14579724238443,1,,1954-10-01,0.85
1901,Q1,3,31,3/31/01,28133.0797078743,25029.5850151061,0.889685213101659,-0.116887571964328,1.29472449046279,1.2947244904628,1,,1954-11-01,0.83
,Q2,6,30,6/30/01,28320.2203908731,28329.0908959257,1.00031322161093,0.000313172567282035,1.45571715375404,1.45571715375405,1,,1954-12-01,1.28
,Q3,9,30,9/30/01,28507.3610738719,26662.6737844007,0.935290843488073,-0.0668977355092871,1.36109260099757,1.36109260099757,1,,1955-01-01,1.39
,Q4,12,31,12/31/01,28694.5017568708,26496.0320732482,0.923383590966301,-0.0797105393007332,1.34376443680305,1.34376443680305,1,,1955-02-01,1.29
1902,Q1,3,31,3/31/02,29236.0330934234,30780.3055780963,1.05282086252051,0.0514730976164656,1.53212949333318,1.53212949333318,1,,1955-03-01,1.35
,Q2,6,30,6/30/02,29777.564429976,31568.5816965597,1.06014653316578,0.0584071374055099,1.54279025857219,1.54279025857219,1,,1955-04-01,1.43
,Q3,9,30,9/30/02,30319.0957665285,33220.2078495307,1.09568596983703,0.0913806235986939,1.59450942660816,1.59450942660816,1,,1955-05-01,1.43
,Q4,12,31,12/31/02,30860.6271030811,30217.2512077653,0.979152209280557,-0.0210681742969053,1.42492235071174,1.42492235071174,1,,1955-06-01,1.64
1903,Q1,3,31,3/31/03,31341.4353151816,30610.1110650266,0.976665897946264,-0.02361065272518,1.42130411796152,1.42130411796153,1,,1955-07-01,1.68
,Q2,6,30,6/30/03,31822.2435272821,27200.5689909518,0.854765911386229,-0.156927635384477,1.24390778085018,1.24390778085018,1,,1955-08-01,1.96
,Q3,9,30,9/30/03,32303.0517393825,24510.8191325151,0.758777199450557,-0.276047089540159,1.1042191198261,1.1042191198261,1,,1955-09-01,2.18
,Q4,12,31,12/31/03,32783.859951483,24889.6571407456,0.759204595724235,-0.275483978327192,1.10484109309767,1.10484109309767,1,,1955-10-01,2.24
1904,Q1,3,31,3/31/04,32961.4396560286,26486.7158685432,0.803566717502244,-0.218695063645889,1.16939957363557,1.16939957363557,1,,1955-11-01,2.35
,Q2,6,30,6/30/04,33139.0193605743,26609.3395531198,0.80296098274945,-0.21944915556899,1.1685180712709,1.1685180712709,1,,1955-12-01,2.48
,Q3,9,30,9/30/04,33316.5990651199,29920.1790366877,0.898056220510574,-0.10752260628042,1.30690649387542,1.30690649387542,1,,1956-01-01,2.45
,Q4,12,31,12/31/04,33494.1787696655,33721.513258562,1.00678728355933,0.00676435364634733,1.46513860578441,1.46513860578442,1,,1956-02-01,2.50
1905,Q1,3,31,3/31/05,34039.7311850214,37173.4017246644,1.09205920348225,0.0880650914961846,1.58923153376294,1.58923153376294,1,,1956-03-01,2.50
,Q2,6,30,6/30/05,34585.2836003772,35325.0005339352,1.02138819915734,0.0211626815689513,1.48638675370183,1.48638675370183,1,,1956-04-01,2.62
,Q3,9,30,9/30/05,35130.8360157331,37912.762200956,1.07918758847575,0.0762085251741769,1.570499970132,1.570499970132,1,,1956-05-01,2.75
,Q4,12,31,12/31/05,35676.3884310889,39186.1052434583,1.09837646036253,0.0938331443994184,1.59842479344063,1.59842479344063,1,,1956-06-01,2.71
1906,Q1,3,31,3/31/06,36535.8335819735,38147.9295458151,1.04412369462502,0.0431779638836655,1.51947284117561,1.51947284117561,1,,1956-07-01,2.75
,Q2,6,30,6/30/06,37395.278732858,37110.4335539833,0.992382857180727,-0.00764630141614172,1.44417640103064,1.44417640103064,1,,1956-08-01,2.73
,Q3,9,30,9/30/06,38254.7238837426,40023.403069511,1.04623426877014,0.0451973068854647,1.52254427812251,1.52254427812251,1,,1956-09-01,2.95
,Q4,12,31,12/31/06,39114.1690346271,39265.2329216339,1.00386212696665,0.00385468810137307,1.46088173849786,1.46088173849786,1,,1956-10-01,2.96
1907,Q1,3,31,3/31/07,39782.7785048788,33456.2800202901,0.840973940927408,-0.173194605306848,1.22383685951552,1.22383685951552,1,,1956-11-01,2.88
,Q2,6,30,6/30/07,40451.3879751304,31412.842557973,0.776557842150823,-0.252884148310235,1.13009460164955,1.13009460164955,1,,1956-12-01,2.94
,Q3,9,30,9/30/07,41119.9974453821,29850.2139103187,0.72592937171184,-0.320302553033221,1.05641694619712,1.05641694619712,1,,1957-01-01,2.84
,Q4,12,31,12/31/07,41788.6069156337,26324.2826027911,0.629939223768257,-0.462131934459225,0.916726195406252,0.916726195406253,1,,1957-02-01,3.00
1908,Q1,3,31,3/31/08,41750.9454336779,28363.7036307915,0.679354762776516,-0.386611809551783,0.988638718646202,0.988638718646202,1,,1957-03-01,2.96
,Q2,6,30,6/30/08,41713.283951722,31542.7504715061,0.756179985925178,-0.27947585451774,1.10043949540529,1.10043949540529,1,,1957-04-01,3.00
,Q3,9,30,9/30/08,41675.6224697662,33730.9255696603,0.80936824864777,-0.211501275568073,1.17784231759229,1.17784231759229,1,,1957-05-01,3.00
,Q4,12,31,12/31/08,41637.9609878103,37281.5493138351,0.895374039203059,-0.110513727114624,1.3030032191266,1.3030032191266,1,,1957-06-01,3.00
1909,Q1,3,31,3/31/09,41903.5973277935,36039.1697747058,0.860049544023325,-0.15076528206449,1.2515968471324,1.25159684713241,1,,1957-07-01,2.99
,Q2,6,30,6/30/09,42169.2336677767,39594.6035641387,0.938945295427425,-0.0629980598017074,1.36641078360353,1.36641078360353,1,,1957-08-01,3.24
,Q3,9,30,9/30/09,42434.8700077598,41170.3071753646,0.9701999126623,-0.03025313319133,1.41189441958862,1.41189441958862,1,,1957-09-01,3.47
,Q4,12,31,12/31/09,42700.506347743,41614.7363990437,0.974572433875677,-0.025756433524689,1.41825758064453,1.41825758064453,1,,1957-10-01,3.50
1910,Q1,3,31,3/31/10,43246.9033653581,42267.8674660082,0.977361710939652,-0.0228984693152489,1.42231670770681,1.42231670770681,1,,1957-11-01,3.28
,Q2,6,30,6/30/10,43793.3003829733,38618.2323233609,0.881829685948391,-0.125756341453275,1.28329264553489,1.28329264553489,1,,1957-12-01,2.98
,Q3,9,30,9/30/10,44339.6974005884,37811.9175825435,0.852777979987787,-0.159256046743758,1.24101482115048,1.24101482115048,1,,1958-01-01,2.72
,Q4,12,31,12/31/10,44886.0944182035,38406.0442336721,0.855633459125296,-0.155913196501462,1.24517028953064,1.24517028953064,1,,1958-02-01,1.67
1911,Q1,3,31,3/31/11,44999.5052497354,39495.6221634988,0.877690142242865,-0.13046166079855,1.27726852763795,1.27726852763795,1,,1958-03-01,1.20
,Q2,6,30,6/30/11,45112.9160812674,40978.82685848,0.908361294682433,-0.0961130778900699,1.32190306986641,1.32190306986641,1,,1958-04-01,1.26
,Q3,9,30,9/30/11,45226.3269127993,36741.0991585338,0.812383000489387,-0.207783374544831,1.18222956938037,1.18222956938037,1,,1958-05-01,0.63
,Q4,12,31,12/31/11,45339.7377443312,38605.6993465101,0.851476017885369,-0.160783943826382,1.2391201260439,1.2391201260439,1,,1958-06-01,0.93
1912,Q1,3,31,3/31/12,45784.8119944333,40592.1418088155,0.886585311604006,-0.120377923914211,1.29021332367264,1.29021332367264,1,,1958-07-01,0.68
,Q2,6,30,6/30/12,46229.8862445355,41814.2708095111,0.904485695429408,-0.100388789164704,1.31626306012565,1.31626306012565,1,,1958-08-01,1.53
,Q3,9,30,9/30/12,46674.9604946376,43036.3998102066,0.922044697073733,-0.0811615782125855,1.34181599629026,1.34181599629026,1,,1958-09-01,1.76
,Q4,12,31,12/31/12,47120.0347447398,40941.3215233,0.868872906081005,-0.140558417484109,1.26443714477484,1.26443714477484,1,,1958-10-01,1.80
1913,Q1,3,31,3/31/13,47940.6430546749,42542.256295092,0.887394360700873,-0.119465794913422,1.29139070154099,1.29139070154099,1,,1958-11-01,2.27
,Q2,6,30,6/30/13,48761.2513646101,39254.9001268348,0.805042918880568,-0.2168596876052,1.17154783242332,1.17154783242332,1,,1958-12-01,2.42
,Q3,9,30,9/30/13,49581.8596745452,41236.9825224016,0.831694954426492,-0.184289546704601,1.21033350923781,1.21033350923781,1,,1959-01-01,2.48
,Q4,12,31,12/31/13,50402.4679844804,38868.152342334,0.771155736943319,-0.259864932375337,1.12223312681641,1.12223312681641,1,,1959-02-01,2.43
1914,Q1,3,31,3/31/14,50608.8983134045,37891.1476063302,0.748705244909356,-0.289409904414945,1.0895617938199,1.08956179381991,1,,1959-03-01,2.80
,Q2,6,30,6/30/14,50815.3286423287,37025.8449566664,0.728635353660277,-0.316581872855963,1.06035485709841,1.06035485709841,1,,1959-04-01,2.96
,Q3,9,30,9/30/14,51021.7589712528,34976.4439443048,0.685520151588886,-0.377577383491519,0.997610970596723,0.997610970596723,1,,1959-05-01,2.90
,Q4,12,31,12/31/14,51228.189300177,33473.5498685729,0.653420515654596,-0.425534381999856,0.950897611571483,0.950897611571483,1,,1959-06-01,3.39
1915,Q1,3,31,3/31/15,52853.9100968007,36758.1767617547,0.695467500785334,-0.363170996553217,1.01208696326263,1.01208696326263,1,,1959-07-01,3.47
,Q2,6,30,6/30/15,54479.6308934245,39040.388528997,0.716605231877756,-0.333230173164232,1.04284788601953,1.04284788601953,1,,1959-08-01,3.50
,Q3,9,30,9/30/15,56105.3516900482,42050.96575387,0.749500083096866,-0.288348850569756,1.09071849110134,1.09071849110134,1,,1959-09-01,3.76
,Q4,12,31,12/31/15,57731.072486672,46032.6969222503,0.797364312483153,-0.22644359988573,1.16037345343066,1.16037345343066,1,,1959-10-01,3.98
1916,Q1,3,31,3/31/16,61999.5681244564,44493.4268830878,0.717640916365301,-0.33178595151674,1.04435507760895,1.04435507760895,1,,1959-11-01,4.00
,Q2,6,30,6/30/16,66268.0637622409,45415.3190431518,0.68532738795711,-0.377858616272679,0.99733044913671,0.99733044913671,1,,1959-12-01,3.99
,Q3,9,30,9/30/16,70536.5594000254,46967.9795232596,0.665867174735527,-0.406665065666061,0.969010753275099,0.9690107532751,1,,1960-01-01,3.99
,Q4,12,31,12/31/16,74805.0550378099,47550.2272033,0.635655266602851,-0.453098896238671,0.925044531529523,0.925044531529524,1,,1960-02-01,3.97
1917,Q1,3,31,3/31/17,81198.9929516197,45411.9871797699,0.559267861940449,-0.581126740024132,0.813880895084997,0.813880895084997,1,,1960-03-01,3.84
,Q2,6,30,6/30/17,87592.9308654296,44094.9907739119,0.503408098555987,-0.686354108694819,0.73259034127981,0.73259034127981,1,,1960-04-01,3.92
,Q3,9,30,9/30/17,93986.8687792394,39607.4474650625,0.421414693132232,-0.864137910796476,0.613268508686364,0.613268508686364,1,,1960-05-01,3.85
,Q4,12,31,12/31/17,100380.806693049,33168.7983697568,0.330429685339973,-1.10736139470066,0.480861544831246,0.480861544831244,1,,1960-06-01,3.32
1918,Q1,3,31,3/31/18,105632.578064186,36611.9685657974,0.34659732098511,-1.0595916311445,0.504389679855159,0.504389679855161,1,,1960-07-01,3.23
,Q2,6,30,6/30/18,110884.349435324,37466.9183812075,0.337891853737763,-1.08502939405276,0.491720949971739,0.491720949971736,1,,1960-08-01,2.98
,Q3,9,30,9/30/18,116136.120806461,37919.5388717187,0.326509432279997,-1.11929644161709,0.475156552131784,0.475156552131784,1,,1960-09-01,2.60
,Q4,12,31,12/31/18,121387.892177598,39730.0208337637,0.327298053545869,-1.11688404449584,0.476304202167534,0.476304202167536,1,,1960-10-01,2.47
1919,Q1,3,31,3/31/19,126421.512801263,42485.641375199,0.336063383784904,-1.09045549459266,0.48906004834813,0.489060048348129,1,,1960-11-01,2.44
,Q2,6,30,6/30/19,131455.133424929,48188.7631854166,0.366579546419434,-1.00353973776957,0.533469039906085,0.533469039906087,1,,1960-12-01,1.98
,Q3,9,30,9/30/19,136488.754048594,47142.3188165693,0.345393429262203,-1.06307113701101,0.502637702779944,0.502637702779944,1,,1961-01-01,1.45
,Q4,12,31,12/31/19,141522.37467226,46671.4188505881,0.329781202150336,-1.10932586820595,0.47991783231932,0.479917832319322,1,,1961-02-01,2.54
1920,Q1,3,31,3/31/20,142640.705780009,49432.6717418766,0.346553751760842,-1.05971734464632,0.504326275247714,0.504326275247712,1,,1961-03-01,2.02
,Q2,6,30,6/30/20,143759.036887758,45156.4890652437,0.31411235107606,-1.15800455109646,0.457115559195602,0.457115559195601,1,,1961-04-01,1.49
,Q3,9,30,9/30/20,144877.367995507,44871.4102201348,0.309719943431926,-1.17208679810626,0.450723458185929,0.45072345818593,1,,1961-05-01,1.98
,Q4,12,31,12/31/20,145995.699103257,38827.7387038269,0.265951250223923,-1.32444225683128,0.387028571300721,0.38702857130072,1,,1961-06-01,1.73
1921,Q1,3,31,3/31/21,140142.634554316,39336.9580296289,0.280692297206549,-1.270496237364,0.408480647003913,0.408480647003914,1,,1961-07-01,1.17
,Q2,6,30,6/30/21,134289.570005375,37450.1562636728,0.278876135072693,-1.27698755605326,0.405837656473412,0.405837656473413,1,,1961-08-01,2.00
,Q3,9,30,9/30/21,128436.505456433,37793.2111302103,0.294255990505987,-1.22330517448998,0.428219365414986,0.428219365414986,1,,1961-09-01,1.88
,Q4,12,31,12/31/21,122583.440907492,41795.5179064807,0.340955659239667,-1.07600284170868,0.496179587654948,0.496179587654946,1,,1961-10-01,2.26
1922,Q1,3,31,3/31/22,121818.709620072,41447.2557569381,0.340237192515039,-1.07811227955493,0.495134030810505,0.495134030810503,1,,1961-11-01,2.61
,Q2,6,30,6/30/22,121053.978332651,45249.2650059595,0.373794117543304,-0.9840501209938,0.543968126307327,0.543968126307327,1,,1961-12-01,2.33
,Q3,9,30,9/30/22,120289.24704523,48515.7799945554,0.403325992857142,-0.908010128752821,0.586944722585488,0.586944722585488,1,,1962-01-01,2.15
,Q4,12,31,12/31/22,119524.51575781,47016.3960653638,0.393361945599781,-0.933025109785893,0.572444429877173,0.572444429877173,1,,1962-02-01,2.37
1923,Q1,3,31,3/31/23,122311.23562836,56482.3496041782,0.461791995755799,-0.77264071491919,0.672028035984011,0.672028035984011,1,,1962-03-01,2.85
,Q2,6,30,6/30/23,125097.95549891,49953.6368715638,0.39931617325272,-0.918001761719403,0.581109387157035,0.581109387157035,1,,1962-04-01,2.78
,Q3,9,30,9/30/23,127884.67536946,48815.6043768878,0.381715825104604,-0.963078860555128,0.555496281024143,0.555496281024143,1,,1962-05-01,2.36
,Q4,12,31,12/31/23,130671.39524001,51211.4622604161,0.391910273601607,-0.936722359265327,0.570331867747919,0.57033186774792,1,,1962-06-01,2.68
1924,Q1,3,31,3/31/24,130910.006009713,50757.3654164639,0.38772716435975,-0.947453371348964,0.564244350610446,0.564244350610446,1,,1962-07-01,2.71
,Q2,6,30,6/30/24,131148.616779417,50348.972821159,0.383907768587773,-0.957352941213021,0.558686131622508,0.558686131622509,1,,1962-08-01,2.93
,Q3,9,30,9/30/24,131387.227549121,53966.1643795737,0.410741328409549,-0.889791633889441,0.597735973696912,0.597735973696912,1,,1962-09-01,2.90
,Q4,12,31,12/31/24,131625.838318825,59275.2681185372,0.450331552494733,-0.797771184187727,0.655350096030471,0.655350096030471,1,,1962-10-01,2.90
1925,Q1,3,31,3/31/25,132599.332633877,62581.793575056,0.471961602912829,-0.750857646466608,0.686827472066229,0.686827472066229,1,,1962-11-01,2.94
,Q2,6,30,6/30/25,133572.826948929,65051.3349962084,0.48701024364095,-0.719470121950434,0.708727177053961,0.708727177053961,1,,1962-12-01,2.93
,Q3,9,30,9/30/25,134546.321263981,69327.8579450332,0.515271300573216,-0.663061719797804,0.749854400478306,0.749854400478306,1,,1963-01-01,2.92
,Q4,12,31,12/31/25,135519.815579033,75049.966115996,0.553793301705226,-0.590963763469694,0.805913979251534,0.805913979251535,1,,1963-02-01,3.00
1926,Q1,3,31,3/31/26,136086.415433449,69313.4057295278,0.509333760528247,-0.674651759190663,0.741213728029088,0.741213728029088,1,,1963-03-01,2.98
,Q2,6,30,6/30/26,136653.015287866,71074.1188301932,0.520106480493476,-0.653721718189454,0.756890850861392,0.756890850861392,1,,1963-04-01,2.90
,Q3,9,30,9/30/26,137219.615142282,78175.6616695436,0.569712002095938,-0.562624305320935,0.829079848424904,0.829079848424904,1,,1963-05-01,3.00
,Q4,12,31,12/31/26,137786.214996698,79173.399093254,0.574610450654671,-0.554062944898425,0.836208371211242,0.836208371211243,1,,1963-06-01,2.99
1927,Q1,3,31,3/31/27,137975.810685465,80013.9937167481,0.579913198692132,-0.544876844068821,0.843925255396514,0.843925255396515,1,,1963-07-01,3.02
,Q2,6,30,6/30/27,138165.406374231,85898.2239684484,0.621705723759729,-0.475288411122671,0.904744301196611,0.904744301196611,1,,1963-08-01,3.49
,Q3,9,30,9/30/27,138355.002062998,97724.3730037284,0.706330610000143,-0.347671864981439,1.0278956260749,1.0278956260749,1,,1963-09-01,3.48
,Q4,12,31,12/31/27,138544.597751764,100724.176661458,0.727016269821864,-0.318806422301696,1.05799866699113,1.05799866699113,1,,1963-10-01,3.50
1928,Q1,3,31,3/31/28,138843.382796319,105319.466070708,0.758548689534668,-0.276348290382082,1.10388657818097,1.10388657818097,1,,1963-11-01,3.48
,Q2,6,30,6/30/28,139142.167840875,109763.081899445,0.788855625887414,-0.237171958545958,1.14799109082089,1.14799109082089,1,,1963-12-01,3.38
,Q3,9,30,9/30/28,139440.95288543,122170.580642022,0.876145623749445,-0.13222296470471,1.27502084959413,1.27502084959413,1,,1964-01-01,3.48
,Q4,12,31,12/31/28,139739.737929986,133597.021344488,0.956041733894079,-0.0449537121826551,1.39129056946093,1.39129056946093,1,,1964-02-01,3.48
1929,Q1,3,31,3/31/29,140414.790649483,224903.684493542,1.60170936019816,0.471071409089728,2.33090570093031,2.33090570093031,1,,1964-03-01,3.43
,Q2,6,30,6/30/29,141089.843368981,231271.38613866,1.63917813370757,0.494194978241311,2.38543255826798,2.38543255826799,1,,1964-04-01,3.47
,Q3,9,30,9/30/29,141764.896088478,276818.140961378,1.95265646573473,0.669190735620712,2.84162545405641,2.84162545405642,1,,1964-05-01,3.50
,Q4,12,31,12/31/29,142439.948807976,189262.243341006,1.32871603033326,0.284213085217037,1.93362906341392,1.93362906341392,1,,1964-06-01,3.50
1930,Q1,3,31,3/31/30,138670.563899336,140914.613966809,1.01618259855857,0.0160530559987667,1.47881124442783,1.47881124442783,1,,1964-07-01,3.42
,Q2,6,30,6/30/30,134901.178990696,126670.112471417,0.938984473072347,-0.0629563355097931,1.36646779731536,1.36646779731536,1,,1964-08-01,3.50
,Q3,9,30,9/30/30,131131.794082056,122314.355815801,0.932758959579723,-0.0696084613738289,1.35740804824242,1.35740804824242,1,,1964-09-01,3.45
,Q4,12,31,12/31/30,127362.409173416,91294.3050386468,0.716807303121449,-0.332948228866833,1.04314195248728,1.04314195248728,1,,1964-10-01,3.36
1931,Q1,3,31,3/31/31,124051.183170896,104990.930128409,0.846351702939994,-0.166820281250049,1.23166290863833,1.23166290863833,1,,1964-11-01,3.52
,Q2,6,30,6/30/31,120739.957168377,83070.4050702243,0.688010887351725,-0.373950616534866,1.00123564204673,1.00123564204673,1,,1964-12-01,3.85
,Q3,9,30,9/30/31,117428.731165857,70852.4074968099,0.603365179827563,-0.505232660538835,0.878054016759265,0.878054016759265,1,,1965-01-01,3.90
,Q4,12,31,12/31/31,114117.505163338,50548.9703527537,0.442955445620742,-0.814286088214471,0.644615932897948,0.644615932897948,1,,1965-02-01,3.98
1932,Q1,3,31,3/31/32,111655.769955539,53408.1897735633,0.478328973010802,-0.737456555154933,0.696093659571971,0.696093659571971,1,,1965-03-01,4.05
,Q2,6,30,6/30/32,109194.034747741,30842.2597118519,0.282453705306369,-1.26424061684632,0.411043956105778,0.411043956105777,1,,1965-04-01,4.09
,Q3,9,30,9/30/32,106732.299539942,53408.1897735633,0.500393882674444,-0.69235972533532,0.728203869453702,0.728203869453702,1,,1965-05-01,4.10
,Q4,12,31,12/31/32,104270.564332144,44097.3189171552,0.42291244129731,-0.860590115931199,0.615448123679752,0.615448123679752,1,,1965-06-01,4.05
1933,Q1,3,31,3/31/33,103209.987071795,37448.9165720083,0.362841984913321,-1.01378784275835,0.528029911161093,0.528029911161095,1,,1965-07-01,4.09
,Q2,6,30,6/30/33,102149.409811446,62454.9347003477,0.611407690124016,-0.491991291711118,0.889757971025645,0.889757971025645,1,,1965-08-01,4.12
,Q3,9,30,9/30/33,101088.832551098,63597.0364898632,0.629120298305121,-0.463432787300988,0.915534444843951,0.915534444843951,1,,1965-09-01,4.02
,Q4,12,31,12/31/33,100028.255290749,59930.2886393135,0.599133599452635,-0.512270668252319,0.871895961455995,0.871895961455996,1,,1965-10-01,4.08
1934,Q1,3,31,3/31/34,99958.7244444677,64999.1009412362,0.650259407595248,-0.430383907099057,0.946297373238682,0.946297373238681,1,,1965-11-01,4.10
,Q2,6,30,6/30/34,99889.193598186,60157.4546886301,0.602241869432036,-0.507096137898692,0.876419306574063,0.876419306574064,1,,1965-12-01,4.32
,Q3,9,30,9/30/34,99819.6627519044,53742.2734039271,0.538393658346655,-0.619165279423338,0.783503473707416,0.783503473707417,1,,1966-01-01,4.42
,Q4,12,31,12/31/34,99750.1319056228,56042.055373915,0.561824373595199,-0.576565980427173,0.817601287647237,0.817601287647237,1,,1966-02-01,4.60
1935,Q1,3,31,3/31/35,100123.806507419,50154.3122155008,0.500922946949529,-0.691302988229409,0.728973796236674,0.728973796236674,1,,1966-03-01,4.66
,Q2,6,30,6/30/35,100497.481109215,60352.1569109237,0.60053402577659,-0.509935976658377,0.873933947736999,0.873933947737,1,,1966-04-01,4.67
,Q3,9,30,9/30/35,100871.155711011,69237.9981952396,0.686400365963901,-0.376294197644335,0.998891912542713,0.998891912542714,1,,1966-05-01,4.90
,Q4,12,31,12/31/35,101244.830312807,77766.0203674353,0.768098678492212,-0.263837066468224,1.11778430785535,1.11778430785535,1,,1966-06-01,5.17
1936,Q1,3,31,3/31/36,103248.932076802,91566.2832760414,0.886849688749609,-0.120079771292312,1.29059806151035,1.29059806151035,1,,1966-07-01,5.30
,Q2,6,30,6/30/36,105253.033840798,90518.7551362751,0.86001088836252,-0.150810228928081,1.25154059304388,1.25154059304388,1,,1966-08-01,5.53
,Q3,9,30,9/30/36,107257.135604793,98898.9802544054,0.922073666211033,-0.081130160340632,1.34185815395566,1.34185815395566,1,,1966-09-01,5.40
,Q4,12,31,12/31/36,109261.237368788,105122.529790664,0.962120989311565,-0.0386150677094869,1.40013747481227,1.40013747481227,1,,1966-10-01,5.53
1937,Q1,3,31,3/31/37,111948.899871213,109094.88170546,0.974506063310704,-0.0258245380829144,1.41816099412758,1.41816099412758,1,,1966-11-01,5.76
,Q2,6,30,6/30/37,114636.562373637,94319.7318890769,0.82277180976222,-0.195076383139053,1.19734800182615,1.19734800182615,1,,1966-12-01,5.40
,Q3,9,30,9/30/37,117324.224876061,86660.7766781352,0.738643504951189,-0.302939876387697,1.07491933270145,1.07491933270145,1,,1967-01-01,4.94
,Q4,12,31,12/31/37,120011.887378486,66458.0208067536,0.553761983570531,-0.591020317097526,0.805868403181045,0.805868403181046,1,,1967-02-01,5.00
1938,Q1,3,31,3/31/38,119886.900740561,62712.1321217768,0.523094113989049,-0.647993880840453,0.76123863836902,0.76123863836902,1,,1967-03-01,4.53
,Q2,6,30,6/30/38,119761.914102636,62103.8670187528,0.518561075815219,-0.656697464970528,0.754641883187039,0.754641883187039,1,,1967-04-01,4.05
,Q3,9,30,9/30/38,119636.92746471,71471.1496053227,0.597400410725233,-0.51516768567905,0.869373718915694,0.869373718915695,1,,1967-05-01,3.94
,Q4,12,31,12/31/38,119511.940826785,77188.8415737485,0.645867191510365,-0.43716138223248,0.939905550997782,0.939905550997782,1,,1967-06-01,3.98
1939,Q1,3,31,3/31/39,120183.013923529,76038.199218797,0.632686739468684,-0.457779861688599,0.92072454877089,0.920724548770891,1,,1967-07-01,3.79
,Q2,6,30,6/30/39,120854.087020272,70146.6196183091,0.580424058034072,-0.543996308048821,0.844668689244185,0.844668689244185,1,,1967-08-01,3.90
,Q3,9,30,9/30/39,121525.160117016,78370.2828106567,0.644889360649221,-0.438676510777159,0.938482551553923,0.938482551553923,1,,1967-09-01,3.99
,Q4,12,31,12/31/39,122196.233213759,75915.4579771201,0.621258577130774,-0.476007895419885,0.904093585996661,0.904093585996661,1,,1967-10-01,3.88
1940,Q1,3,31,3/31/40,125066.185233891,74353.8363908314,0.594515905732469,-0.520007808402696,0.865176010330684,0.865176010330684,1,,1967-11-01,4.13
,Q2,6,30,6/30/40,127936.137254022,59177.0862468593,0.462551766193792,-0.77099680138751,0.673133700525483,0.673133700525484,1,,1967-12-01,4.51
,Q3,9,30,9/30/40,130806.089274154,65051.9572703324,0.497315970772517,-0.698529698811269,0.72372470327197,0.72372470327197,1,,1968-01-01,4.61
,Q4,12,31,12/31/40,133676.041294286,64439.9915387206,0.482060890753466,-0.729684843546382,0.701524575166234,0.701524575166235,1,,1968-02-01,4.71
1941,Q1,3,31,3/31/41,140029.163118606,62836.0936847987,0.448735765360362,-0.801321060328192,0.653027808715801,0.653027808715801,1,,1968-03-01,5.05
,Q2,6,30,6/30/41,146382.284942927,61636.2084787573,0.421063303546523,-0.864972091884815,0.612757145008951,0.612757145008952,1,,1968-04-01,5.76
,Q3,9,30,9/30/41,152735.406767248,64667.4974203355,0.423395588417044,-0.859448339756902,0.616151229001954,0.616151229001954,1,,1968-05-01,6.12
,Q4,12,31,12/31/41,159088.528591569,55321.0231838027,0.347737348968947,-1.05630782851267,0.506048718500236,0.506048718500235,1,,1968-06-01,6.07
1942,Q1,3,31,3/31/42,163327.606219878,55483.5759180518,0.339707274245835,-1.07967099030971,0.494362861242907,0.494362861242909,1,,1968-07-01,6.03
,Q2,6,30,6/30/42,167566.683848187,56501.0009043242,0.337185170743805,-1.08712303144958,0.490692541534912,0.490692541534913,1,,1968-08-01,6.03
,Q3,9,30,9/30/42,171805.761476497,58874.9925389596,0.342683458534734,-1.07094811932974,0.498693987162753,0.498693987162755,1,,1968-09-01,5.78
,Q4,12,31,12/31/42,176044.839104806,64572.5724620848,0.366796168467298,-1.00294898449054,0.533784281596534,0.533784281596534,1,,1968-10-01,5.91
1943,Q1,3,31,3/31/43,177705.551743454,75382.6339537745,0.424199656196455,-0.857551047327001,0.617321357751612,0.617321357751612,1,,1968-11-01,5.82
,Q2,6,30,6/30/43,179366.264382103,82396.5556314969,0.45937599199796,-0.777886249566026,0.668512119131331,0.668512119131331,1,,1968-12-01,6.02
,Q3,9,30,9/30/43,181026.977020751,81647.496034847,0.451023915764156,-0.796234912583511,0.656357665525859,0.656357665525859,1,,1969-01-01,6.30
,Q4,12,31,12/31/43,182687.689659399,78174.5833594698,0.427913799256084,-0.848833507292051,0.622726406536922,0.622726406536922,1,,1969-02-01,6.61
1944,Q1,3,31,3/31/44,184878.517745939,82791.8974264018,0.447817834304442,-0.803368749115579,0.651691979142425,0.651691979142426,1,,1969-03-01,6.79
,Q2,6,30,6/30/44,187069.345832478,86692.0116026869,0.463421792688152,-0.769117640277481,0.674399816442676,0.674399816442677,1,,1969-04-01,7.41
,Q3,9,30,9/30/44,189260.173919018,86213.0502126168,0.455526635252413,-0.78630108923339,0.662910299097014,0.662910299097015,1,,1969-05-01,8.67
,Q4,12,31,12/31/44,191451.002005557,89634.2029988318,0.468183514632272,-0.758894934642884,0.681329366273378,0.681329366273378,1,,1969-06-01,8.90
1945,Q1,3,31,3/31/45,196970.36830123,92259.2913652735,0.468391728974075,-0.758450305454456,0.681632372554283,0.681632372554283,1,,1969-07-01,8.61
,Q2,6,30,6/30/45,202489.734596903,99942.0464251239,0.493565990513439,-0.706098709669438,0.718267501995965,0.718267501995966,1,,1969-08-01,9.19
,Q3,9,30,9/30/45,208009.100892576,104909.3449552,0.504349783278854,-0.684485237185253,0.733960738646245,0.733960738646245,1,,1969-09-01,9.15
,Q4,12,31,12/31/45,213528.467188249,114777.711368284,0.537528849804812,-0.620772846365256,0.782244951274766,0.782244951274767,1,,1969-10-01,9.00
1946,Q1,3,31,3/31/46,242008.602301629,115363.252543942,0.476690710358131,-0.74088740435765,0.693709559277857,0.693709559277858,1,,1969-11-01,8.85
,Q2,6,30,6/30/46,237098.234178632,122273.202068822,0.515706928364132,-0.662216643142227,0.75048835275864,0.75048835275864,1,,1969-12-01,8.97
,Q3,9,30,9/30/46,233169.939680235,99305.8460289839,0.425894719384369,-0.853563100851672,0.61978811766844,0.61978811766844,1,,1970-01-01,8.98
,Q4,12,31,12/31/46,229241.645181838,99569.0822013603,0.434341160491937,-0.833924969601202,0.632079896826031,0.632079896826031,1,,1970-02-01,8.98
1947,Q1,3,31,3/31/47,296297.98522574,97045.5940406456,0.327527012938376,-1.11618474505372,0.476637397918612,0.476637397918612,1,,1970-03-01,7.76
,Q2,6,30,6/30/47,284736.547287136,94997.1382297613,0.333631699670656,-1.09771759001837,0.485521312479057,0.485521312479056,1,,1970-04-01,8.10
,Q3,9,30,9/30/47,275487.396936253,96405.4515997443,0.349945052557349,-1.04997912951661,0.509261504170372,0.509261504170373,1,,1970-05-01,7.95
,Q4,12,31,12/31/47,266238.24658537,96213.4088674738,0.361380868832543,-1.01782283849374,0.525903605423589,0.525903605423589,1,,1970-06-01,7.61
1948,Q1,3,31,3/31/48,309089.382683212,90232.9183784746,0.291931471715918,-1.23123619016129,0.424836583098586,0.424836583098586,1,,1970-07-01,7.21
,Q2,6,30,6/30/48,301701.255769791,106134.103994821,0.351785423378566,-1.04473388193573,0.511939724667546,0.511939724667548,1,,1970-08-01,6.62
,Q3,9,30,9/30/48,295790.754239054,99445.5100450881,0.336202226134214,-1.09004243657144,0.489262100250665,0.489262100250664,1,,1970-09-01,6.29
,Q4,12,31,12/31/48,289880.252708317,95848.8132985335,0.330649681732472,-1.10669582741305,0.481181697074967,0.481181697074967,1,,1970-10-01,6.20
1949,Q1,3,31,3/31/49,308258.398862465,94881.8227749471,0.307799635387324,-1.17830624215465,0.447928908138381,0.447928908138379,1,,1970-11-01,5.60
,Q2,6,30,6/30/49,305089.752973819,88900.0043035554,0.291389676110113,-1.23309381443439,0.424048128902279,0.42404812890228,1,,1970-12-01,4.90
,Q3,9,30,9/30/49,302554.836262902,98572.7320445292,0.325801210987338,-1.12146786585567,0.474125905068338,0.47412590506834,1,,1971-01-01,4.14
,Q4,12,31,12/31/49,300019.919551985,105254.550549807,0.350825207562824,-1.04746716370306,0.510542359718166,0.510542359718167,1,,1971-02-01,3.72
1950,Q1,3,31,3/31/50,343168.805275926,110908.048913385,0.323188026441416,-1.12952099992301,0.470323038638865,0.470323038638865,1,,1971-03-01,3.71
,Q2,6,30,6/30/50,335729.342220074,119793.477615955,0.356815632568181,-1.03053606598443,0.519259993605411,0.519259993605413,1,,1971-04-01,4.16
,Q3,9,30,9/30/50,329777.771775392,121966.891830973,0.369845702984625,-0.994669379280928,0.538222151267684,0.538222151267684,1,,1971-05-01,4.63
,Q4,12,31,12/31/50,323826.201330711,126249.796313507,0.389868996995005,-0.941944501428226,0.567361276829405,0.567361276829405,1,,1971-06-01,4.91
1951,Q1,3,31,3/31/51,387986.537874008,137494.825794716,0.35438040337205,-1.03738435700564,0.515716098715749,0.515716098715749,1,,1971-07-01,5.31
,Q2,6,30,6/30/51,376924.410883785,136986.291996123,0.363431733367779,-1.01216380331086,0.528888149283923,0.528888149283922,1,,1971-08-01,5.57
,Q3,9,30,9/30/51,368074.709291606,149254.669887191,0.405501019546943,-0.90263189113404,0.590109954828562,0.590109954828562,1,,1971-09-01,5.55
,Q4,12,31,12/31/51,359225.007699427,147629,0.41096526365315,-0.889246584716639,0.598061857998346,0.598061857998346,1,,1971-10-01,5.20
1952,Q1,3,31,3/31/52,370388.235438982,151463,0.408930374963144,-0.89421036979446,0.595100563167861,0.595100563167862,1,,1971-11-01,4.91
,Q2,6,30,6/30/52,375456.143372311,157607,0.419774726774715,-0.868037076421897,0.610881929056463,0.610881929056463,1,,1971-12-01,4.14
,Q3,9,30,9/30/52,375946.146333282,156907,0.417365629440179,-0.87379263214692,0.607376062854575,0.607376062854575,1,,1972-01-01,3.51
,Q4,12,31,12/31/52,377300.176551287,146628,0.388624254937418,-0.945142327781209,0.565549851841629,0.56554985184163,1,,1972-02-01,3.30
1953,Q1,3,31,3/31/53,381535.652939218,143052,0.374937437426823,-0.980996100458459,0.545631955526725,0.545631955526725,1,,1972-03-01,3.83
,Q2,6,30,6/30/53,387220.455883574,133816,0.345580916417893,-1.06252846227507,0.502910545588327,0.502910545588327,1,,1972-04-01,4.17
,Q3,9,30,9/30/53,392975.455307381,129274,0.328962021047557,-1.11181297242561,0.478725709734532,0.478725709734531,1,,1972-05-01,4.27
,Q4,12,31,12/31/53,392751.480080991,144082,0.366852850485218,-1.00279446368681,0.533866768745571,0.533866768745571,1,,1972-06-01,4.46
1954,Q1,3,31,3/31/54,397274.187251093,156255,0.393317776524053,-0.933137402182741,0.572380152329087,0.572380152329087,1,,1972-07-01,4.55
,Q2,6,30,6/30/54,402310.708979455,172550,0.428897357561545,-0.846537648444602,0.624157740909041,0.624157740909041,1,,1972-08-01,4.81
,Q3,9,30,9/30/54,404613.418413776,191985,0.474489948337965,-0.745514844848914,0.690506875403574,0.690506875403574,1,,1972-09-01,4.87
,Q4,12,31,12/31/54,405271.808729134,194840,0.480763763487488,-0.732379265723913,0.69963691601019,0.69963691601019,1,,1972-10-01,5.05
1955,Q1,3,31,3/31/55,410855.655353899,202122,0.491953797802535,-0.709370473804775,0.715921340280097,0.715921340280098,1,,1972-11-01,5.06
,Q2,6,30,6/30/55,418995.803276668,225533,0.538270307808018,-0.619394414126559,0.783323966437954,0.783323966437954,1,,1972-12-01,5.33
,Q3,9,30,9/30/55,429707.057011656,240995,0.560835564758861,-0.578327527371622,0.816162312380547,0.816162312380548,1,,1973-01-01,5.94
,Q4,12,31,12/31/55,438978.020669851,244222,0.556342205077452,-0.586371697301686,0.809623299774396,0.809623299774396,1,,1973-02-01,6.58
1956,Q1,3,31,3/31/56,455786.242032429,262345,0.575587799294157,-0.552363500694343,0.837630668896568,0.837630668896569,1,,1973-03-01,7.09
,Q2,6,30,6/30/56,462016.116269399,252704,0.546959275015094,-0.603380930858145,0.795968684450755,0.795968684450755,1,,1973-04-01,7.12
,Q3,9,30,9/30/56,475362.313756119,246833,0.519252353114883,-0.655365284479067,0.755647872312626,0.755647872312626,1,,1973-05-01,7.84
,Q4,12,31,12/31/56,483191.431088922,268373,0.555417548269003,-0.588035108877562,0.80827768247342,0.80827768247342,1,,1973-06-01,8.49
1957,Q1,3,31,3/31/57,493293.146384477,254023,0.514953434609473,-0.663678800640409,0.749391822431732,0.749391822431732,1,,1973-07-01,10.40
,Q2,6,30,6/30/57,501100.634740577,273076,0.544952412884835,-0.607056803938782,0.793048175589008,0.793048175589008,1,,1973-08-01,10.50
,Q3,9,30,9/30/57,507897.562608006,245392,0.483152545052461,-0.727422846926848,0.703113217458153,0.703113217458153,1,,1973-09-01,10.78
,Q4,12,31,12/31/57,509176.51650888,245747,0.482636162572738,-0.728492195791363,0.702361746001622,0.702361746001623,1,,1973-10-01,10.01
1958,Q1,3,31,3/31/58,513480.232828496,261319,0.508917351229918,-0.675469650409703,0.740607743677921,0.740607743677922,1,,1973-11-01,10.03
,Q2,6,30,6/30/58,517471.307504115,278565,0.538319701904989,-0.619302653852805,0.783395847757426,0.783395847757426,1,,1973-12-01,9.95
,Q3,9,30,9/30/58,522394.749981353,310541,0.594456586730791,-0.520107590360821,0.865089685681143,0.865089685681144,1,,1974-01-01,9.65
,Q4,12,31,12/31/58,524651.639810593,324670,0.618829667848195,-0.4799252172693,0.900558888232825,0.900558888232826,1,,1974-02-01,8.97
1959,Q1,3,31,3/31/59,531387.349280758,332012,0.624802228448577,-0.470320113803967,0.909250524742249,0.909250524742249,1,,1974-03-01,9.35
,Q2,6,30,6/30/59,538129.260621941,346451,0.64380628475692,-0.440357398194092,0.936906393085577,0.936906393085577,1,,1974-04-01,10.51
,Q3,9,30,9/30/59,545200.083678255,339875,0.623394988692948,-0.47257495035149,0.907202623137574,0.907202623137575,1,,1974-05-01,11.31
,Q4,12,31,12/31/59,547636.110135304,362157,0.661309569068632,-0.413533214319061,0.962378245970377,0.962378245970376,1,,1974-06-01,11.93
